path	bytes	sha256
.gitignore	149	d501812a99d23f396bb0737d657904c6dbbd8717e4948698baa671e6e1f701f3
configs/reaction_sites/enzymemap_painn_a2_finetune_3080ti.yaml	1242	b4aaf01e849f88789ffcc0b0aa36faac56345d6dda5a777d540db3fc06dd3e7b
configs/reaction_sites/enzymemap_painn_a2_split_zero_shot_3080ti.yaml	949	aabc4d4ed92b190fff2c50ba259bd995a61a382547eca4fa1d8b40ba6f80d284
configs/reaction_sites/enzymemap_painn_a2_zero_shot_3080ti.yaml	909	b6c1245434ac78fd8d919df4268e34f683710b28d71e55c959ca278852281cd0
configs/reaction_sites/uspto50k_hamir_2d_seed17.yaml	1477	25af2c45e6f8acd04c72e070ca11530e32d9f906afbd6c783d539b38ca7df331
configs/reaction_sites/uspto50k_painn_a2_hierarchical_motif_3080ti.yaml	1480	703b16efdb954157b1445efb6b7df50b7bd6d28520c6543445e48790bdd21eef
configs/reaction_sites/uspto_full_painn_a2_finetune_3080ti.yaml	1220	b9b04c104d905c61602a36699abcafa231ea72521adc25edd4515a782e25a031
configs/reaction_sites/uspto_full_painn_a2_zero_shot_3080ti.yaml	1229	9fea28aaed1bf0d97c4568404f1b9e8f8105c108fc9e58c88007a29bad9e6bbc
configs/reaction_sites/uspto_mit_painn_a2_finetune_3080ti.yaml	1212	30152597d7b8ad757d9001daf26e990c4e6aad924965fc258b342f5517a05bb7
configs/reaction_sites/uspto_mit_painn_a2_zero_shot_3080ti.yaml	1232	e1fb6c3d6659105b541a8ba9ff0ead09a2ec8296c416daa4cf2817b9e780c526
configs/requirements-reaction-site-cu126.txt	200	40b1dbca7716be6e6a25b28f3b4a4188b49a9b797a953d1ceb1714d647be7a3e
DATA_NOTICE.md	396	8f8c14901baa3faeccccb33e6f323be99fba107546e6527f99552cb2c1d40b4d
docs/USPTO_LARGE_A2.md	4808	c78a4382bfdc323204337349516d1dd10d3c93ed02fb20c4d1adf0f57d6dcaf7
README.md	3918	f32908e91b4e06f420a654dfe63db53cabc0f52c64813983f013b750af1972b8
requirements.txt	231	7946689fdc0946e3c155fd32cf9315848e05d42e864982c0f6f9d0163da52a5a
scripts/analyze_a2_cases.py	25122	df3ec1881f1cb8b1411764ccb6abde2070db2795a847d15cabfba4a681c699ec
scripts/download_uspto_large.py	4318	cb61a73a05a5a089294157d3b5824f112037b489538fdf604b2eefe5cf77dd9e
scripts/export_chimerax_explanation.py	10942	d689955f073bf3e946de29983740b553b7c12e8b886fc27298789d8a3dfba8a4
scripts/map_uspto_full.py	4325	27dfe94f99e8a32570b01a37c96356dc3dfff077d104d2e8de9b0306bf209c6a
scripts/prepare_enzymemap_reaction_sites.py	13771	bf7228396d7623dc3b2eaf92789647a44fc8c7c76c4fd2d6b874b437c294829d
scripts/prepare_uspto_large_reaction_sites.py	11697	649d06082fc1385f84aba8342d36c484e62826f66ffd2c3ad8ede6baff1016b5
scripts/reaction_site_diagnostics.py	387	d0fda2723be6c81e55eee7099862ccdc679a36ab88aeeefd89e22773158eeb5f
scripts/reaction_sites.py	610	949adb3b969072a7f26360337d6183d3aaaf470e70506651aa62fc6b4d77e3b6
scripts/run_uspto_large_a2.sh	1797	e7db87737def83673eba6d72a793e6b71ed85c1303c1d1c4c574b925183a487d
scripts/split_enzymemap_finetune.py	5722	fb0ec0de9119db3f55e54af6182e59d83cd94caf47d771d277ad277bddea973a
scripts/validate_hamir_2d.py	8710	6226d520a6785cb75397c498819308e443198eafce40c94b8066377f29cb6e2a
src/dcir/__init__.py	150	a5e91b5a7c3dba62a8e622556338198f48610161151bee4d859d516749563933
src/dcir/a2_bond_layers.py	2258	54cf9f53fdf166fca2f2eb08ff581e7f73ed3e624e4940fd5eb26505bca77034
src/dcir/a2_data.py	3290	871b30aab8a13685d7386bbf5036e376c1e9a9e924895024a09fe7b688d719fa
src/dcir/a2_models.py	5687	a27828dfc5abcc1495b4412f49de152d87f0fe567eaa56b3400f7d617b52590d
src/dcir/a2_structures.py	1665	1a2c6505c826a3feab30b6be9cc4929f2dd781c53e81dd792e901716a0b5b95b
src/dcir/config.py	1159	3797c3a47cffff0ca6a469634e433c2fe89205b4baeca96cd73f432690c5eb13
src/dcir/hamir_2d.py	2267	0c342e28d7da4e6a5ceeafe1032845f1d3bf480b158a89cd66fd27c98908366b
src/dcir/reaction_site_diagnostics.py	38900	340c66ad83580c607bfedb2793124b09035b4e82e2e94f96efe02a384b7cd0d5
src/dcir/reaction_sites.py	63705	77f552e4c75ebde78f296e6da6f59760c776c6d63d8161356ec174d4eb89990f
test/test_a2_core.py	3091	5e776db0fd84be34ae36d9efec50772b3e8fc176f685bcd882b9d3ea0af79575
test/test_hamir_2d_encoder.py	627	2996c0762510400c86ec097c2baa463ed8f76df54cbb40879f5c73ce1f7701e7
